no of threads,execution time,fraction enhanced,speedup,
1,104.628,0.999962,1,
8,35.14,0.999772,2.97803,
12,35.592,0.99955,2.94086,
16,36.58,0.999125,2.86265,
